{
  "name": "angular-mocks",
  "version": "1.3.13",
  "main": "./angular-mocks.js",
  "ignore": [],
  "dependencies": {
    "angular": "1.3.13"
  },
  "homepage": "https://github.com/angular/bower-angular-mocks",
  "_release": "1.3.13",
  "_resolution": {
    "type": "version",
    "tag": "v1.3.13",
    "commit": "8f53bfda01696e53549fe3266b0a4d220ea9bf77"
  },
  "_source": "https://github.com/angular/bower-angular-mocks.git",
  "_target": "1.3.13",
  "_originalSource": "angular-mocks",
  "_direct": true
}